id,text,created_at,lang,retweet_count,reply_count,like_count,cleaned_text,sentiment,sentiment_score,date
1912944991334482314,"RT @RCBTweets: Long way to go but take a moment to appreciate this ğ—²ğ˜…ğ—°ğ—²ğ—¹ğ—¹ğ—²ğ—»ğ˜ ğ—²ğ—°ğ—¼ğ—»ğ—¼ğ—ºğ˜†!ğŸ”ğŸ‘Œ

#PlayBold #à²¨à²®à³à²®RCB #IPL2025 https://t.co/d97hpuXAlO",2025-04-17 19:03:21+00:00,en,351,0,0,RT Long way to go but take a moment to appreciate this ğ—²ğ˜…ğ—°ğ—²ğ—¹ğ—¹ğ—²ğ—»ğ˜ ğ—²ğ—°ğ—¼ğ—»ğ—¼ğ—ºğ˜† PlayBold à²¨à²®à²®RCB IPL2025,Positive,0.3886733949184418,2025-04-17
1912944975257780379,As always after losing starting matches #MI have started winning again. #MIvSRH #IPL2025,2025-04-17 19:03:17+00:00,en,0,0,0,As always after losing starting matches MI have started winning again MIvSRH IPL2025,Positive,0.7048255801200867,2025-04-17
1912944947705307163,RT @faizan8487: Mumbai Indians Thrilling Win! MI Defeats SRH by 4 Wickets! Keeps Playoff Hopes Alive #TheFaiziCricketShow #IPL2025 #MIvSRHâ€¦,2025-04-17 19:03:10+00:00,en,1,0,0,RT Mumbai Indians Thrilling Win MI Defeats SRH by 4 Wickets Keeps Playoff Hopes Alive TheFaiziCricketShow IPL2025 MIvSRH,Positive,0.6674169898033142,2025-04-17
1912944912578023712,Mumbai Indians Thrilling Win! MI Defeats SRH by 4 Wickets! Keeps Playoff Hopes Alive #TheFaiziCricketShow #IPL2025 #MIvSRH #RohitSharma #HardikPandya https://t.co/gCNLyVKnWd,2025-04-17 19:03:02+00:00,en,1,0,0,Mumbai Indians Thrilling Win MI Defeats SRH by 4 Wickets Keeps Playoff Hopes Alive TheFaiziCricketShow IPL2025 MIvSRH RohitSharma HardikPandya,Positive,0.6799387335777283,2025-04-17
1912944901568033092,"RT @Cricketracker: Virat Kohli âœ…
MS Dhoniâœ…
Rohit Sharmaâœ…

The three icons received a special memento for completing 18 years in the Indianâ€¦",2025-04-17 19:02:59+00:00,en,259,0,0,RT Virat Kohli MS Dhoni Rohit Sharma The three icons received a special memento for completing 18 years in the Indian,Positive,0.35926738381385803,2025-04-17
1912944837722247273,"RT @IPL: Match 33. WICKET!  3.5: Rohit Sharma 26(16) ct Travis Head b Pat Cummins, Mumbai Indians 32/1 https://t.co/8baZ67Y5A2 #MIvSRH #TATâ€¦",2025-04-17 19:02:44+00:00,en,5,0,0,RT Match 33 WICKET 35 Rohit Sharma 2616 ct Travis Head b Pat Cummins Mumbai Indians 321 MIvSRH TAT,Negative,0.2277023196220398,2025-04-17
1912944782826991704,"Mahi Again For The Toss After 684 days, Giving Respect To wickets is an old Tradition ğŸ’›

#msdhoni #dhoni #csk #ipl2025 #ipl2025 https://t.co/jlW1KUoVZ1",2025-04-17 19:02:31+00:00,en,0,0,0,Mahi Again For The Toss After 684 days Giving Respect To wickets is an old Tradition msdhoni dhoni csk ipl2025 ipl2025,Positive,0.3621130585670471,2025-04-17
1912944755736232263,"RT @IPL: Match 33. 4.5: Mohammad Shami to Will Jacks 4 runs, Mumbai Indians 39/1 https://t.co/8baZ67Y5A2 #MIvSRH #TATAIPL #IPL2025",2025-04-17 19:02:25+00:00,en,4,0,0,RT Match 33 45 Mohammad Shami to Will Jacks 4 runs Mumbai Indians 391 MIvSRH TATAIPL IPL2025,Negative,0.3671960234642029,2025-04-17
1912944744315142487,"RT @IPL: Match 33. 5.2: Eshan Malinga to Ryan Rickelton 4 runs, Mumbai Indians 45/1 https://t.co/8baZ67Y5A2 #MIvSRH #TATAIPL #IPL2025",2025-04-17 19:02:22+00:00,tl,3,0,0,RT Match 33 52 Eshan Malinga to Ryan Rickelton 4 runs Mumbai Indians 451 MIvSRH TATAIPL IPL2025,Negative,0.356840044260025,2025-04-17
1912944735691612174,"RT @Akshithhhh4518: The Clash of Mental NaKodukuluğŸ”¥ğŸ”¥ğŸ”¥
@mipaltan, asalaina mental na kodukulu evaro chupinchalsina time ochhindi. 
#MIvsSRHâ€¦",2025-04-17 19:02:20+00:00,tl,64,0,0,RT The Clash of Mental NaKodukulu asalaina mental na kodukulu evaro chupinchalsina time ochhindi MIvsSRH,Negative,0.32729682326316833,2025-04-17
1912944704666444046,"RT @RCBTweets: Catching smiles and hugs with old pals and new faces! ğŸ«‚ 

Fri-yay night plans sorted! ğŸ˜

#PlayBold #à²¨à²®à³à²®RCB #IPL2025 https:/â€¦",2025-04-17 19:02:13+00:00,en,21,0,0,RT Catching smiles and hugs with old pals and new faces Friyay night plans sorted PlayBold à²¨à²®à²®RCB IPL2025,Positive,0.3359334170818329,2025-04-17
1912944673649484110,"RT @IPL: Match 33. 5.3: Eshan Malinga to Ryan Rickelton 4 runs, Mumbai Indians 49/1 https://t.co/8baZ67Y5A2 #MIvSRH #TATAIPL #IPL2025",2025-04-17 19:02:05+00:00,tl,4,0,0,RT Match 33 53 Eshan Malinga to Ryan Rickelton 4 runs Mumbai Indians 491 MIvSRH TATAIPL IPL2025,Negative,0.3617466986179352,2025-04-17
1912944622533529646,"RT @IPL: Match 33. 5.4: Eshan Malinga to Ryan Rickelton 4 runs, Mumbai Indians 53/1 https://t.co/8baZ67Y5A2 #MIvSRH #TATAIPL #IPL2025",2025-04-17 19:01:53+00:00,tl,3,0,0,RT Match 33 54 Eshan Malinga to Ryan Rickelton 4 runs Mumbai Indians 531 MIvSRH TATAIPL IPL2025,Negative,0.3497362434864044,2025-04-17
1912944577851654286,"Asal emayindi mana team ki , Batting and bowling strength ee sari perigindi anukunna..

What ever FULL support @SunRisers @patcummins30we believe in YOU ğŸ’ªğŸ½

#SRHvsMI #IPL2025 https://t.co/0E1qbABn6h",2025-04-17 19:01:42+00:00,en,0,0,0,Asal emayindi mana team ki Batting and bowling strength ee sari perigindi anukunna What ever FULL support believe in YOU SRHvsMI IPL2025,Positive,0.36260804533958435,2025-04-17
1912944576954073288,"From here on Mumbai Indians have UMPIRES as their impact player who will make their win obvious

#TATAIPL2025 #IPL2025 #MIvsSRH #MIvSRH #SRHvsMI #SRHvMI #RCBvPBKS #PBKSvsRCB #ViratKohli #RohitSharmağ“ƒµ #HardikPandya #Bumrah https://t.co/6R0fC9PYgZ",2025-04-17 19:01:42+00:00,en,0,0,0,From here on Mumbai Indians have UMPIRES as their impact player who will make their win obvious TATAIPL2025 IPL2025 MIvsSRH MIvSRH SRHvsMI SRHvMI RCBvPBKS PBKSvsRCB ViratKohli RohitSharmağ“ƒµ HardikPandya Bumrah,Positive,0.3437994420528412,2025-04-17
1912944559992279467,@FCBarcelona #microchains #à¹€à¸à¸¥à¸‡à¸ˆà¸™à¸™à¸´à¸£à¸±à¸™à¸”à¸£à¹Œ #à¹‚à¸«à¸™à¸à¸£à¸°à¹à¸ª #à¹‚à¸•à¹‚à¸™à¹ˆà¸ à¸²à¸„à¸´à¸™ #DaredevilBornAgainâ€¯â€¯â€¯â€¯â€¯â€¯ #srchafreen #srchafreen #srchafreen #LaCasaDeLosFamosoCol2 #est_rvp #DaouOffroad #Uthandonesthembu #OKXâ€¯â€¯â€¯#AshleyOgle #Bitcoin #BBFanFest #ExigimosJusticiaEnGuerrero #IPL,2025-04-17 19:01:38+00:00,qme,0,0,0,microchains à¹€à¸à¸¥à¸‡à¸ˆà¸™à¸™à¸£à¸™à¸”à¸£ à¹‚à¸«à¸™à¸à¸£à¸°à¹à¸ª à¹‚à¸•à¹‚à¸™à¸ à¸²à¸„à¸™ DaredevilBornAgain srchafreen srchafreen srchafreen LaCasaDeLosFamosoCol2 est_rvp DaouOffroad Uthandonesthembu OKX AshleyOgle Bitcoin BBFanFest ExigimosJusticiaEnGuerrero IPL,Negative,0.45659324526786804,2025-04-17
1912944516526744043,"RT @toisports: Rohit Sharma maintains upward trend, posts his highest IPL 2025 score against SRH

READ: https://t.co/5MmR8HNdTT

#RohitSharâ€¦",2025-04-17 19:01:28+00:00,en,121,0,0,RT Rohit Sharma maintains upward trend posts his highest IPL 2025 score against SRH READ RohitShar,Negative,0.24138322472572327,2025-04-17
1912944470913589273,"Hardik Pandya picked a wicket tonight and scored 21 (9).

- Kung Fu Pandya on show! ğŸ’¥

#SRHvsMI #IPL2025 #Hardik https://t.co/93a2d86Bg5",2025-04-17 19:01:17+00:00,en,0,0,0,Hardik Pandya picked a wicket tonight and scored 21 9 Kung Fu Pandya on show SRHvsMI IPL2025 Hardik,Positive,0.2382640242576599,2025-04-17
1912944408879829055,"@ChampionsLeague #TATAIPL | #MIvSRH | #CurvvSuperStriker #BBFanFest #à¸¡à¸²à¸¢à¸”à¹Œ #amici24 #TREAØ§Ù„Ù‡Ù„Ø§Ù„_Ø§Ù„Ø®Ù„ÙŠØ¬ #HerHynessà¸à¸±à¸™à¹à¸”à¸”à¸‚à¸­à¸‡à¸«à¸¥à¸´à¸‡ #LaCasaDeLosFamosoCol2 #LaCasaDeLosFamosoCol2 #BBFanfestLiveD2 #GranHermanoArgentina 
#srhvsmi #IPL2025 #UGMDanJokowiPanik #MahMehn",2025-04-17 19:01:02+00:00,und,0,0,0,TATAIPL MIvSRH CurvvSuperStriker BBFanFest à¸¡à¸²à¸¢à¸” amici24 TREAØ§Ù„Ù‡Ù„Ø§Ù„_Ø§Ù„Ø®Ù„ÙŠØ¬ HerHynessà¸à¸™à¹à¸”à¸”à¸‚à¸­à¸‡à¸«à¸¥à¸‡ LaCasaDeLosFamosoCol2 LaCasaDeLosFamosoCol2 BBFanfestLiveD2 GranHermanoArgentina srhvsmi IPL2025 UGMDanJokowiPanik MahMehn,Negative,0.27524930238723755,2025-04-17
1912944406132580726,RT @WasimJaffer14: They're a good team but it just hasn't clicked for them this year. #MIvSRH #IPL2025 https://t.co/oKzuQdZ6jP,2025-04-17 19:01:01+00:00,en,85,0,0,RT Theyre a good team but it just hasnt clicked for them this year MIvSRH IPL2025,Neutral,0.449134886264801,2025-04-17
1912944403607667115,"RT @toisports: #IPL2025 #CricketTwitter 

Tristan Stubbs idolised KL Rahul as a kid, now he is winning matches with him in the IPL.  His faâ€¦",2025-04-17 19:01:01+00:00,en,106,0,0,RT IPL2025 CricketTwitter Tristan Stubbs idolised KL Rahul as a kid now he is winning matches with him in the IPL His fa,Positive,0.5151785612106323,2025-04-17
1912944366756434226,"IPL 2025 : à°¸à±‚à°ªà°°à± à°“à°µà°°à± à°¨à±à°‚à°šà°¿ à°§à±‹à°¨à±€ à°®à±à°¯à°¾à°œà°¿à°•à± à°µà°°à°•à±

https://t.co/6gK8EcLS0n

#123telugu #IPL2025 #MSDhoni",2025-04-17 19:00:52+00:00,te,0,0,0,IPL 2025 à°¸à°ªà°° à°“à°µà°° à°¨à°š à°§à°¨ à°®à°¯à°œà°• à°µà°°à°• 123telugu IPL2025 MSDhoni,Negative,0.34374603629112244,2025-04-17
1912944331281014990,"RT @aajtak: 'à¤ªà¤¾à¤ªà¤¾' à¤¬à¥à¤®à¤°à¤¾à¤¹ à¤•à¤¾ à¤®à¥ˆà¤š à¤¦à¥‡à¤–à¤¨à¥‡ à¤ªà¤¹à¥à¤‚à¤šà¥‡ à¤¨à¤¨à¥à¤¹à¥‡à¤‚ à¤…à¤‚à¤—à¤¦, à¤®à¤¾à¤‚ à¤¸à¤‚à¤œà¤¨à¤¾ à¤—à¤£à¥‡à¤¶à¤¨ à¤¸à¤‚à¤— à¤ªà¥à¤¯à¤¾à¤°à¤¾ à¤«à¥‹à¤Ÿà¥‹ à¤¹à¥à¤† à¤µà¤¾à¤¯à¤°à¤²! 

#IPL2025 #JaspritBumrah #SanjanaGanâ€¦",2025-04-17 19:00:44+00:00,hi,7,0,0,RT à¤ªà¤ª à¤¬à¤®à¤°à¤¹ à¤• à¤®à¤š à¤¦à¤–à¤¨ à¤ªà¤¹à¤š à¤¨à¤¨à¤¹ à¤…à¤—à¤¦ à¤® à¤¸à¤œà¤¨ à¤—à¤£à¤¶à¤¨ à¤¸à¤— à¤ªà¤¯à¤° à¤«à¤Ÿ à¤¹à¤† à¤µà¤¯à¤°à¤² IPL2025 JaspritBumrah SanjanaGan,Negative,0.2951253056526184,2025-04-17
1912944322531787251,"RT @Cricketracker: Virat Kohli âœ…
MS Dhoniâœ…
Rohit Sharmaâœ…

The three icons received a special memento for completing 18 years in the Indianâ€¦",2025-04-17 19:00:41+00:00,en,259,0,0,RT Virat Kohli MS Dhoni Rohit Sharma The three icons received a special memento for completing 18 years in the Indian,Positive,0.35926738381385803,2025-04-17
1912944311349682416,"MI vs SRH: àª®à«àª‚àª¬àªˆ àª‡àª¨à«àª¡àª¿àª¯àª¨à«àª¸à«‡ àª¸àª¨àª°àª¾àª‡àªàª°à«àª¸ àª¹à«ˆàª¦àª°àª¾àª¬àª¾àª¦àª¨à«‡ àª¹àª°àª¾àªµà«àª¯à«àª‚ àªšàª¾àª° àªµàª¿àª•à«‡àªŸàª¥à«€
https://t.co/AqijmwDpws

#tv13gujarati #sunrisershyderabad #mumbaiindians #score #srhvsmi #Ipl https://t.co/u0mpHK5mD0",2025-04-17 19:00:39+00:00,gu,0,0,0,MI vs SRH àª®àª¬àªˆ àª‡àª¨àª¡àª¯àª¨àª¸ àª¸àª¨àª°àª‡àªàª°àª¸ àª¹àª¦àª°àª¬àª¦àª¨ àª¹àª°àªµàª¯ àªšàª° àªµàª•àªŸàª¥ tv13gujarati sunrisershyderabad mumbaiindians score srhvsmi Ipl,Negative,0.3103093206882477,2025-04-17
1912944310527676432,"RT @RCBTweets: Long way to go but take a moment to appreciate this ğ—²ğ˜…ğ—°ğ—²ğ—¹ğ—¹ğ—²ğ—»ğ˜ ğ—²ğ—°ğ—¼ğ—»ğ—¼ğ—ºğ˜†!ğŸ”ğŸ‘Œ

#PlayBold #à²¨à²®à³à²®RCB #IPL2025 https://t.co/d97hpuXAlO",2025-04-17 19:00:39+00:00,en,351,0,0,RT Long way to go but take a moment to appreciate this ğ—²ğ˜…ğ—°ğ—²ğ—¹ğ—¹ğ—²ğ—»ğ˜ ğ—²ğ—°ğ—¼ğ—»ğ—¼ğ—ºğ˜† PlayBold à²¨à²®à²®RCB IPL2025,Positive,0.3886733949184418,2025-04-17
1912944298171179159,"@imransiddique89 @Salman_ARY @babarazam258 People are buttering him up &amp; #BabarAzam  thinks he's a legend, But the truth is ..even Zimbabwe's Brendon Taylor was a bigger match-winner than this fraud player..

#Kesari2 
#PSL2025 
#IPL2025 
#SRHvMI
#RCBvsPBKS 
#KKvQG
#QgvKK",2025-04-17 19:00:36+00:00,en,0,0,0,People are buttering him up amp BabarAzam thinks hes a legend But the truth is even Zimbabwes Brendon Taylor was a bigger matchwinner than this fraud player Kesari2 PSL2025 IPL2025 SRHvMI RCBvsPBKS KKvQG QgvKK,Negative,0.7768903374671936,2025-04-17
1912944181682872363,"I have 2 tickets for RCB vs Punjab Kings on Friday, April 18, 2025 | 7:30 PM
Venue: M. Chinnaswamy Stadium
Both in the same row

#RCBvsPBKS #IPL2025 #PlayBold #SaddaPunjab #RCB #PBKS #ChinnaswamyStadium #Bengaluru #T20Cricket #CricketFever #IPLTickets",2025-04-17 19:00:08+00:00,en,0,0,0,I have 2 tickets for RCB vs Punjab Kings on Friday April 18 2025 730 PM Venue M Chinnaswamy Stadium Both in the same row RCBvsPBKS IPL2025 PlayBold SaddaPunjab RCB PBKS ChinnaswamyStadium Bengaluru T20Cricket CricketFever IPLTickets,Negative,0.3648725152015686,2025-04-17
1912944175483593063,"RT @RCBTweets: à²¨à²¾à²³à³† à²¯à²¾à²°à³ à²¯à²¾à²°à²¿à²—à³† à²¶à²¾à²•à³ à²•à³Šà²¡à³à²¤à²¾à²°à³† à²¨à²¾à²³à³† à²¨à³‹à²¡à³‹à²£ ğŸ˜‰âš¡ï¸

à²à²¨à³ à²¸à²®à²¾à²šà²¾à²°, à²µà³ˆà²¶à²¾à²–à³? ğŸ˜ŠğŸ¤

#PlayBold #à²¨à²®à³à²®RCBÂ #IPL2025 https://t.co/5mPAT5KWJ3",2025-04-17 19:00:06+00:00,kn,98,0,0,RT à²¨à²³ à²¯à²° à²¯à²°à²— à²¶à²• à²•à²¡à²¤à²° à²¨à²³ à²¨à²¡à²£ à²à²¨ à²¸à²®à²šà²° à²µà²¶à²– PlayBold à²¨à²®à²®RCB IPL2025,Negative,0.37580808997154236,2025-04-17
1912944174980321359,"Need 2 tickets in Boat C stand for RCB vs PBKS match today at Chinnaswamy.

If anyone has any leads, please DM.

Prices should be reasonable and consecutive seats preferred.

#ipltickets #rcb #pbks #rcbvspbks #csk #virat #bengaluru #dcvsrr #ipl2025 #mivssrh #RohitSharma https://t.co/L6R5v88U8B",2025-04-17 19:00:06+00:00,en,0,0,0,Need 2 tickets in Boat C stand for RCB vs PBKS match today at Chinnaswamy If anyone has any leads please DM Prices should be reasonable and consecutive seats preferred ipltickets rcb pbks rcbvspbks csk virat bengaluru dcvsrr ipl2025 mivssrh RohitSharma,Neutral,0.275167852640152,2025-04-17
1912944152318542078,"MATCH àª®àª¸àª¾àª²àª¾ : àª®à«‡àªš àª«àª¿àª•à«àª¸àª¿àª‚àª—àª¨à«àª‚ àª­à«‚àª¤ IPLàª®àª¾àª‚ àª«àª°à«€ àª§à«àª£à«àª¯à«àª‚! BCCIàª àªàª²àª°à«àªŸ àª°àª¹à«‡àªµàª¾ àªµà«‹àª°à«àª¨àª¿àª‚àª— àª†àªªà«€; àª²à«‹! àª¹àªµà«‡ àª¤à«‹ àªàª®à«àªªàª¾àª¯àª° àªªàª£ àª­à«‡àª¦àª­àª¾àªµ àª•àª°à«‡ àª›à«‡! - https://t.co/1jVVCXLobG

#IPL2025 #MatchMasala #IPLUpdate https://t.co/7PVXMtMW1l",2025-04-17 19:00:01+00:00,gu,0,0,0,MATCH àª®àª¸àª² àª®àªš àª«àª•àª¸àª—àª¨ àª­àª¤ IPLàª® àª«àª° àª§àª£àª¯ BCCIàª àªàª²àª°àªŸ àª°àª¹àªµ àªµàª°àª¨àª— àª†àªª àª² àª¹àªµ àª¤ àªàª®àªªàª¯àª° àªªàª£ àª­àª¦àª­àªµ àª•àª° àª› IPL2025 MatchMasala IPLUpdate,Negative,0.22448767721652985,2025-04-17
1912944146614243609,"à¤®à¥à¤‚à¤¬à¤ˆ à¤‡à¤‚à¤¡à¤¿à¤¯à¤‚à¤¸ à¤¨à¥‡ SRH à¤ªà¤° à¤°à¥‹à¤®à¤¾à¤‚à¤šà¤• à¤œà¥€à¤¤ à¤¦à¤°à¥à¤œ à¤•à¥€! ğŸ’¥
à¤°à¤¿à¤•à¥‡à¤²à¥à¤Ÿà¤¨ à¤¨à¥‡ 31 à¤°à¤¨à¥‹à¤‚ à¤•à¥€ à¤¶à¤¾à¤¨à¤¦à¤¾à¤° à¤ªà¤¾à¤°à¥€ à¤–à¥‡à¤²à¥€ à¤”à¤° à¤¨à¥‹-à¤¬à¥‰à¤² à¤¡à¥à¤°à¤¾à¤®à¤¾ à¤¨à¥‡ à¤®à¥à¤•à¤¾à¤¬à¤²à¥‡ à¤®à¥‡à¤‚ à¤œà¤¬à¤°à¤¦à¤¸à¥à¤¤ à¤¤à¤¡à¤¼à¤•à¤¾ à¤²à¤—à¤¾à¤¯à¤¾! ğŸ”¥
#IPL2025 #MIvsSRH #CricketTwitter #MumbaiIndians #SRH #IPLThriller https://t.co/pMNjEC6b7H",2025-04-17 18:59:59+00:00,hi,0,0,0,à¤®à¤¬à¤ˆ à¤‡à¤¡à¤¯à¤¸ à¤¨ SRH à¤ªà¤° à¤°à¤®à¤šà¤• à¤œà¤¤ à¤¦à¤°à¤œ à¤• à¤°à¤•à¤²à¤Ÿà¤¨ à¤¨ 31 à¤°à¤¨ à¤• à¤¶à¤¨à¤¦à¤° à¤ªà¤° à¤–à¤² à¤”à¤° à¤¨à¤¬à¤² à¤¡à¤°à¤® à¤¨ à¤®à¤•à¤¬à¤² à¤® à¤œà¤¬à¤°à¤¦à¤¸à¤¤ à¤¤à¤¡à¤• à¤²à¤—à¤¯ IPL2025 MIvsSRH CricketTwitter MumbaiIndians SRH IPLThriller,Negative,0.598386824131012,2025-04-17
1912944081199829141,"RT @IPL: Match 33. 7.3: Harshal Patel to Ryan Rickelton 4 runs, Mumbai Indians 65/1 https://t.co/8baZ67Y5A2 #MIvSRH #TATAIPL #IPL2025",2025-04-17 18:59:44+00:00,en,4,0,0,RT Match 33 73 Harshal Patel to Ryan Rickelton 4 runs Mumbai Indians 651 MIvSRH TATAIPL IPL2025,Negative,0.3305366635322571,2025-04-17
1912944037960860041,"RT @mrsalaar96: Chased IPL money, got injured without facing a ball. Now replaced by Shanaka. Glenn Phillips learning the hard way.. ğŸ˜­

- Gâ€¦",2025-04-17 18:59:34+00:00,en,3,0,0,RT Chased IPL money got injured without facing a ball Now replaced by Shanaka Glenn Phillips learning the hard way G,Negative,0.6790328025817871,2025-04-17
1912944033942716672,"Scenes today at Ekana Stadium ! ğŸ’›ğŸ¤

#RahulTripathi #WhistlePodu #CSK #IPL2025 https://t.co/z8WrX6As7W",2025-04-17 18:59:33+00:00,en,0,0,0,Scenes today at Ekana Stadium RahulTripathi WhistlePodu CSK IPL2025,Positive,0.2964765429496765,2025-04-17
1912944014845939977,"RT @Cricketracker: Virat Kohli âœ…
MS Dhoniâœ…
Rohit Sharmaâœ…

The three icons received a special memento for completing 18 years in the Indianâ€¦",2025-04-17 18:59:28+00:00,en,259,0,0,RT Virat Kohli MS Dhoni Rohit Sharma The three icons received a special memento for completing 18 years in the Indian,Positive,0.35926738381385803,2025-04-17
1912943985251000539,"Hardik Pandya races into the top five of the Purple Cap race, while Noor Ahmad leads the chart with 12 wickets ğŸ’œâœ¨

#IPL2025 #NoorAhmad #HardikPandya #Sportskeeda https://t.co/hGk5mVSUEh",2025-04-17 18:59:21+00:00,en,0,0,5,Hardik Pandya races into the top five of the Purple Cap race while Noor Ahmad leads the chart with 12 wickets IPL2025 NoorAhmad HardikPandya Sportskeeda,Positive,0.4522778391838074,2025-04-17
1912943967915921593,"RT @IPL: Match 33. 7.4: Harshal Patel to Ryan Rickelton 4 runs, Mumbai Indians 69/1 https://t.co/8baZ67Y5A2 #MIvSRH #TATAIPL #IPL2025",2025-04-17 18:59:17+00:00,en,4,0,0,RT Match 33 74 Harshal Patel to Ryan Rickelton 4 runs Mumbai Indians 691 MIvSRH TATAIPL IPL2025,Negative,0.3322029113769531,2025-04-17
1912943962484359355,"RT @MumbaiCricAssoc: à¤®à¥à¤‚à¤¬à¤ˆà¤šà¤¾ à¤°à¤¾à¤œà¤¾, à¤°à¥‹à¤¹à¤¿à¤¤ à¤¶à¤°à¥à¤®à¤¾! ğŸ‘‘

ğ‡ğ¢ğ­ğ¦ğšğ§ completes ğ‚ğğ§ğ­ğ®ğ«ğ² ğ¨ğŸ ğ’ğ¢ğ±ğğ¬ at Wankhede in the #IPL ğŸ™Œ

#RohitSharma #MIvSRH #TATAIâ€¦",2025-04-17 18:59:16+00:00,und,427,0,0,RT à¤®à¤¬à¤ˆà¤š à¤°à¤œ à¤°à¤¹à¤¤ à¤¶à¤°à¤® ğ‡ğ¢ğ­ğ¦ğšğ§ completes ğ‚ğğ§ğ­ğ®ğ«ğ² ğ¨ğŸ ğ’ğ¢ğ±ğğ¬ at Wankhede in the IPL RohitSharma MIvSRH TATAI,Positive,0.6182275414466858,2025-04-17
1912943957044269403,"Mumbai Indians seal a thrilling win over SRH! ğŸ’¥
Rickelton shines with 31 runs &amp; a rare no-ball drama adds spice! ğŸ”¥
#IPL2025 #MIvsSRH #CricketTwitter #MumbaiIndians #SRH #IPLThriller https://t.co/wJF4UJtdQL",2025-04-17 18:59:14+00:00,en,0,0,0,Mumbai Indians seal a thrilling win over SRH Rickelton shines with 31 runs amp a rare noball drama adds spice IPL2025 MIvsSRH CricketTwitter MumbaiIndians SRH IPLThriller,Positive,0.572181224822998,2025-04-17
1912943944188772642,"RT @IPL: Match 33. WICKET!  7.5: Ryan Rickelton 31(23) ct Travis Head b Harshal Patel, Mumbai Indians 69/2 https://t.co/8baZ67Y5A2 #MIvSRHâ€¦",2025-04-17 18:59:11+00:00,en,5,0,0,RT Match 33 WICKET 75 Ryan Rickelton 3123 ct Travis Head b Harshal Patel Mumbai Indians 692 MIvSRH,Negative,0.24962924420833588,2025-04-17
1912943938715238666,"@elonmusk Doge on fireğŸš€

#microchains #à¹€à¸à¸¥à¸‡à¸ˆà¸™à¸™à¸´à¸£à¸±à¸™à¸”à¸£à¹Œ #à¹‚à¸«à¸™à¸à¸£à¸°à¹à¸ª #à¹‚à¸•à¹‚à¸™à¹ˆà¸ à¸²à¸„à¸´à¸™ #DaredevilBornAgainâ€¯â€¯â€¯â€¯â€¯â€¯ #srchafreen #srchafreen #srchafreen #LaCasaDeLosFamosoCol2 #est_rvp #DaouOffroad #Uthandonesthembu #OKXâ€¯â€¯â€¯#AshleyOgle #Bitcoin #BBFanFest #ExigimosJusticiaEnGuerrero #IPL",2025-04-17 18:59:10+00:00,en,0,0,0,Doge on fire microchains à¹€à¸à¸¥à¸‡à¸ˆà¸™à¸™à¸£à¸™à¸”à¸£ à¹‚à¸«à¸™à¸à¸£à¸°à¹à¸ª à¹‚à¸•à¹‚à¸™à¸ à¸²à¸„à¸™ DaredevilBornAgain srchafreen srchafreen srchafreen LaCasaDeLosFamosoCol2 est_rvp DaouOffroad Uthandonesthembu OKX AshleyOgle Bitcoin BBFanFest ExigimosJusticiaEnGuerrero IPL,Negative,0.4424898326396942,2025-04-17
1912943925624549790,"RT @IPL: Match 33. 8.2: Zeeshan Ansari to Will Jacks 4 runs, Mumbai Indians 75/2 https://t.co/8baZ67Y5A2 #MIvSRH #TATAIPL #IPL2025",2025-04-17 18:59:07+00:00,en,5,0,0,RT Match 33 82 Zeeshan Ansari to Will Jacks 4 runs Mumbai Indians 752 MIvSRH TATAIPL IPL2025,Negative,0.36267751455307007,2025-04-17
1912943918813188235,"Rohit Sharma's scores in 6 IPL Matches-0, 8, 13,17, 18, 26  formula for this series-&gt;an = (2/15)nâµ - (3/2)nâ´ + 6nÂ³ - 11nÂ² + (431/30)n , put n= 0,1,2,3,4,5  you will get 0,8, 13,17, 18, 26 , PUT n=6, an=79â€ğŸ”¥loading #RohitSharmağ“ƒµ #IPL2025 #NoBalls #MumbaiIndians #MIvSRH",2025-04-17 18:59:05+00:00,en,0,0,0,Rohit Sharmas scores in 6 IPL Matches0 8 1317 18 26 formula for this seriesgtan 215nâµ 32nâ´ 6nÂ³ 11nÂ² 43130n put n 012345 you will get 08 1317 18 26 PUT n6 an79loading RohitSharmağ“ƒµ IPL2025 NoBalls MumbaiIndians MIvSRH,Negative,0.2852274477481842,2025-04-17
1912943916799984073,"RT @IPL: Match 33. 8.6: Zeeshan Ansari to Surya Kumar Yadav 6 runs, Mumbai Indians 82/2 https://t.co/8baZ67Y5A2 #MIvSRH #TATAIPL #IPL2025",2025-04-17 18:59:05+00:00,hi,5,0,0,RT Match 33 86 Zeeshan Ansari to Surya Kumar Yadav 6 runs Mumbai Indians 822 MIvSRH TATAIPL IPL2025,Negative,0.3119725286960602,2025-04-17
1912943915554033904,RT @shakilpatel86: @crizwan406 @ProfSudhaanshu @Karishma_voice @ShadowSakshi @ANI @aashiyaKha82658 @9820shaikh @AazmiSaad @AcharyaSat90948â€¦,2025-04-17 18:59:04+00:00,qam,4,0,0,RT,Positive,0.2572895884513855,2025-04-17
1912943895903945180,"RT @MumbaiCricAssoc: à¤®à¥à¤‚à¤¬à¤ˆà¤šà¤¾ à¤°à¤¾à¤œà¤¾, à¤°à¥‹à¤¹à¤¿à¤¤ à¤¶à¤°à¥à¤®à¤¾! ğŸ‘‘

ğ‡ğ¢ğ­ğ¦ğšğ§ completes ğ‚ğğ§ğ­ğ®ğ«ğ² ğ¨ğŸ ğ’ğ¢ğ±ğğ¬ at Wankhede in the #IPL ğŸ™Œ

#RohitSharma #MIvSRH #TATAIâ€¦",2025-04-17 18:59:00+00:00,und,427,0,0,RT à¤®à¤¬à¤ˆà¤š à¤°à¤œ à¤°à¤¹à¤¤ à¤¶à¤°à¤® ğ‡ğ¢ğ­ğ¦ğšğ§ completes ğ‚ğğ§ğ­ğ®ğ«ğ² ğ¨ğŸ ğ’ğ¢ğ±ğğ¬ at Wankhede in the IPL RohitSharma MIvSRH TATAI,Positive,0.6182275414466858,2025-04-17
1912943892884000774,RT @cricbuzz: Harshal Patel dismisses Ryan Rickleton with a ball at 113.7 Kmph! Change of pace is still the currency at Wankhede ğŸ‘€ #IPL2025â€¦,2025-04-17 18:58:59+00:00,en,1,0,0,RT Harshal Patel dismisses Ryan Rickleton with a ball at 1137 Kmph Change of pace is still the currency at Wankhede IPL2025,Negative,0.3017869293689728,2025-04-17
1912943878879232256,"RT @mrsalaar96: Chased IPL money, got injured without facing a ball. Now replaced by Shanaka. Glenn Phillips learning the hard way.. ğŸ˜­

- Gâ€¦",2025-04-17 18:58:56+00:00,en,3,0,0,RT Chased IPL money got injured without facing a ball Now replaced by Shanaka Glenn Phillips learning the hard way G,Negative,0.6790328025817871,2025-04-17
1912943864853455325,"RT @IPL: Match 33. 10.1: Zeeshan Ansari to Will Jacks 6 runs, Mumbai Indians 97/2 https://t.co/8baZ67Y5A2 #MIvSRH #TATAIPL #IPL2025",2025-04-17 18:58:52+00:00,en,4,0,0,RT Match 33 101 Zeeshan Ansari to Will Jacks 6 runs Mumbai Indians 972 MIvSRH TATAIPL IPL2025,Negative,0.3720948398113251,2025-04-17
1912943847686180985,"RT @IPL: Match 33. 10.6: Zeeshan Ansari to Surya Kumar Yadav 6 runs, Mumbai Indians 106/2 https://t.co/8baZ67Y5A2 #MIvSRH #TATAIPL #IPL2025",2025-04-17 18:58:48+00:00,hi,4,0,0,RT Match 33 106 Zeeshan Ansari to Surya Kumar Yadav 6 runs Mumbai Indians 1062 MIvSRH TATAIPL IPL2025,Negative,0.3132275640964508,2025-04-17
1912943835317178716,"à¤µà¤¿à¤² à¤œà¥ˆà¤•à¥à¤¸ à¤•à¥‹ à¤¶à¤¾à¤¨à¤¦à¤¾à¤° à¤ªà¥à¤°à¤¦à¤°à¥à¤¶à¤¨ à¤•à¤°à¤¨à¥‡ à¤ªà¤° à¤ªà¥à¤²à¥‡à¤¯à¤° à¤‘à¤« à¤¦ à¤®à¥ˆà¤š à¤•à¤¾ à¤ªà¥à¤°à¤¸à¥à¤•à¤¾à¤° à¤¦à¤¿à¤¯à¤¾ à¤—à¤¯à¤¾ ğŸ˜™ | 

#IPL2025 #SRHvsMI #POTM https://t.co/T6Jl1mOVCK",2025-04-17 18:58:45+00:00,hi,0,0,1,à¤µà¤² à¤œà¤•à¤¸ à¤• à¤¶à¤¨à¤¦à¤° à¤ªà¤°à¤¦à¤°à¤¶à¤¨ à¤•à¤°à¤¨ à¤ªà¤° à¤ªà¤²à¤¯à¤° à¤‘à¤« à¤¦ à¤®à¤š à¤• à¤ªà¤°à¤¸à¤•à¤° à¤¦à¤¯ à¤—à¤¯ IPL2025 SRHvsMI POTM,Positive,0.27586787939071655,2025-04-17
1912943817063358634,"Dasun Shanaka Set to Join Gujarat Titans for IPL 2025
#GT #GlenPhillips #DasunShanaka #IPL2025 #IPL #IindianPremierLeague #FantasyTips #FastestScore #LiveScore #LatestCricketUpdate #IPLUpdate #ScoreWaves

ğŸŒhttps://t.co/nqZicPA9Cv",2025-04-17 18:58:41+00:00,in,0,0,0,Dasun Shanaka Set to Join Gujarat Titans for IPL 2025 GT GlenPhillips DasunShanaka IPL2025 IPL IindianPremierLeague FantasyTips FastestScore LiveScore LatestCricketUpdate IPLUpdate ScoreWaves,Positive,0.47939711809158325,2025-04-17
1912943782825509115,"RT @IPL: Match 33. 11.3: Eshan Malinga to Surya Kumar Yadav 4 runs, Mumbai Indians 111/2 https://t.co/8baZ67Y5A2 #MIvSRH #TATAIPL #IPL2025",2025-04-17 18:58:33+00:00,in,5,0,0,RT Match 33 113 Eshan Malinga to Surya Kumar Yadav 4 runs Mumbai Indians 1112 MIvSRH TATAIPL IPL2025,Negative,0.33150869607925415,2025-04-17
1912943763095519389,"RT @IPL: Match 33. 11.6: Eshan Malinga to Will Jacks 4 runs, Mumbai Indians 117/2 https://t.co/8baZ67Y5A2 #MIvSRH #TATAIPL #IPL2025",2025-04-17 18:58:28+00:00,en,4,0,0,RT Match 33 116 Eshan Malinga to Will Jacks 4 runs Mumbai Indians 1172 MIvSRH TATAIPL IPL2025,Negative,0.3641727864742279,2025-04-17
1912943756049096798,"RT @IPL: Match 33. WICKET!  7.5: Ryan Rickelton 31(23) ct Travis Head b Harshal Patel, Mumbai Indians 69/2 https://t.co/8baZ67Y5A2 #MIvSRHâ€¦",2025-04-17 18:58:26+00:00,en,5,0,0,RT Match 33 WICKET 75 Ryan Rickelton 3123 ct Travis Head b Harshal Patel Mumbai Indians 692 MIvSRH,Negative,0.24962924420833588,2025-04-17
1912943736365125755,"RT @IPL: Match 33. 12.1: Pat Cummins to Surya Kumar Yadav 4 runs, Mumbai Indians 121/2 https://t.co/8baZ67Y5A2 #MIvSRH #TATAIPL #IPL2025",2025-04-17 18:58:22+00:00,in,4,0,0,RT Match 33 121 Pat Cummins to Surya Kumar Yadav 4 runs Mumbai Indians 1212 MIvSRH TATAIPL IPL2025,Negative,0.25538793206214905,2025-04-17
1912943730941685929,"RT @SunRisersVarun: Tactical Errors From SRH In My POV

1. Not sending Aniket Verma during the 8th over.

2. Sending in Ishan against the mâ€¦",2025-04-17 18:58:20+00:00,en,4,0,0,RT Tactical Errors From SRH In My POV 1 Not sending Aniket Verma during the 8th over 2 Sending in Ishan against the m,Negative,0.6373889446258545,2025-04-17
1912943685144306022,"ğŸ¤£ğŸ¤£ğŸ¤£ğŸ¤£
#Ropig
#MIvSRH
#IPL2025
#RohitSharma https://t.co/5j5o75E8Rg",2025-04-17 18:58:09+00:00,qme,0,1,1,Ropig MIvSRH IPL2025 RohitSharma,Positive,0.21878232061862946,2025-04-17
1912943676189479224,"RT @IPL: Match 33. WICKET!  12.4: Surya Kumar Yadav 26(15) ct Zeeshan Ansari b Pat Cummins, Mumbai Indians 121/3 https://t.co/8baZ67Y5A2 #Mâ€¦",2025-04-17 18:58:07+00:00,in,4,0,0,RT Match 33 WICKET 124 Surya Kumar Yadav 2615 ct Zeeshan Ansari b Pat Cummins Mumbai Indians 1213 M,Positive,0.24769671261310577,2025-04-17
1912943672926310603,RT @saiyedida: Aa prediction table ela veyyalo nerpinchandi rağŸ˜ğŸ«  @arshadahmed333 @dhanarajvineeth #srh #rcb #csk #ipl2025 https://t.co/1RtEâ€¦,2025-04-17 18:58:07+00:00,fr,3,0,0,RT Aa prediction table ela veyyalo nerpinchandi ra srh rcb csk ipl2025,Neutral,0.2242930829524994,2025-04-17
1912943645680189857,"RT @MumbaiCricAssoc: à¤®à¥à¤‚à¤¬à¤ˆà¤šà¤¾ à¤°à¤¾à¤œà¤¾, à¤°à¥‹à¤¹à¤¿à¤¤ à¤¶à¤°à¥à¤®à¤¾! ğŸ‘‘

ğ‡ğ¢ğ­ğ¦ğšğ§ completes ğ‚ğğ§ğ­ğ®ğ«ğ² ğ¨ğŸ ğ’ğ¢ğ±ğğ¬ at Wankhede in the #IPL ğŸ™Œ

#RohitSharma #MIvSRH #TATAIâ€¦",2025-04-17 18:58:00+00:00,und,427,0,0,RT à¤®à¤¬à¤ˆà¤š à¤°à¤œ à¤°à¤¹à¤¤ à¤¶à¤°à¤® ğ‡ğ¢ğ­ğ¦ğšğ§ completes ğ‚ğğ§ğ­ğ®ğ«ğ² ğ¨ğŸ ğ’ğ¢ğ±ğğ¬ at Wankhede in the IPL RohitSharma MIvSRH TATAI,Positive,0.6182275414466858,2025-04-17
1912943623538356723,"@healthcaree_ à¤œà¤¯ à¤®à¤¾à¤¤à¤¾ à¤¦à¥€â£ï¸ğŸ™ğŸš©

#IPL2025 #à¸¡à¸²à¸¢à¸”à¹Œ",2025-04-17 18:57:55+00:00,hi,0,0,0,à¤œà¤¯ à¤®à¤¤ à¤¦ IPL2025 à¸¡à¸²à¸¢à¸”,Neutral,0.2765543758869171,2025-04-17
1912943609604870515,"à¤¦à¤¾à¤¸à¥à¤¨ à¤¶à¤¾à¤¨à¤•à¤¾ à¤ªà¤¹à¤²à¥‡ à¤­à¥€ #GT à¤•à¥‡ à¤²à¤¿à¤ #IPL à¤–à¥‡à¤² à¤šà¥à¤•à¥‡ à¤¹à¥ˆà¤‚ 

https://t.co/awqsGBzRCN",2025-04-17 18:57:51+00:00,hi,0,0,1,à¤¦à¤¸à¤¨ à¤¶à¤¨à¤• à¤ªà¤¹à¤² à¤­ GT à¤• à¤²à¤ IPL à¤–à¤² à¤šà¤• à¤¹,Neutral,0.24638959765434265,2025-04-17
1912943603694911505,"Suryadada checked Abhishek's pocket to ensure he doesn't carry another note.ğŸ˜‚ğŸ¤£ğŸ˜­ğŸ˜­

IPL teams are in fear of Abhishek noteğŸ¤£ğŸ˜‚
#IPL2025 
#AbhishekSharma 
#SRHvsMI https://t.co/zsNB5coFS4",2025-04-17 18:57:50+00:00,en,0,0,0,Suryadada checked Abhisheks pocket to ensure he doesnt carry another note IPL teams are in fear of Abhishek note IPL2025 AbhishekSharma SRHvsMI,Negative,0.5504262447357178,2025-04-17
1912943568617947205,"Back-to-back wins for the Mumbai Indians in IPL 2025...!!!

âœ… Beat DC by 12 runs
âœ… Beat SRH by 4 wickets

The boys are on a roll! 

#IPL2025 #MumbaiIndians #Mumbai #Srhvsmi #Hardikpandya #RohitSharmağ“ƒµ #Bumrah #Munbai 
 #MIvSRH https://t.co/xNiwGSbcKT",2025-04-17 18:57:42+00:00,en,0,1,1,Backtoback wins for the Mumbai Indians in IPL 2025 Beat DC by 12 runs Beat SRH by 4 wickets The boys are on a roll IPL2025 MumbaiIndians Mumbai Srhvsmi Hardikpandya RohitSharmağ“ƒµ Bumrah Munbai MIvSRH,Positive,0.23638394474983215,2025-04-17
1912943537622303125,"RT @RCBTweets: Long way to go but take a moment to appreciate this ğ—²ğ˜…ğ—°ğ—²ğ—¹ğ—¹ğ—²ğ—»ğ˜ ğ—²ğ—°ğ—¼ğ—»ğ—¼ğ—ºğ˜†!ğŸ”ğŸ‘Œ

#PlayBold #à²¨à²®à³à²®RCB #IPL2025 https://t.co/d97hpuXAlO",2025-04-17 18:57:34+00:00,en,351,0,0,RT Long way to go but take a moment to appreciate this ğ—²ğ˜…ğ—°ğ—²ğ—¹ğ—¹ğ—²ğ—»ğ˜ ğ—²ğ—°ğ—¼ğ—»ğ—¼ğ—ºğ˜† PlayBold à²¨à²®à²®RCB IPL2025,Positive,0.3886733949184418,2025-04-17
1912943517888102672,RT @day6596: Peak Racism against Windies players by Aamer Sohail.What does he mean by that statement ? #PSL #IPL2025,2025-04-17 18:57:30+00:00,en,2,0,0,RT Peak Racism against Windies players by Aamer SohailWhat does he mean by that statement PSL IPL2025,Negative,0.418910950422287,2025-04-17
1912943495335002317,"à¤¶à¤¾à¤¨à¤¦à¤¾à¤° à¤œà¤¬à¤°à¤¦à¤¸à¥à¤¤ à¤œà¤¿à¤‚à¤¦à¤¾à¤¬à¤¾à¤¦ @mipaltan 
#MIvsSRH #SRHvMI #mivssHR #Hardikpandya #IPL2025 https://t.co/62KycEF1P3",2025-04-17 18:57:24+00:00,hi,0,0,0,à¤¶à¤¨à¤¦à¤° à¤œà¤¬à¤°à¤¦à¤¸à¤¤ à¤œà¤¦à¤¬à¤¦ MIvsSRH SRHvMI mivssHR Hardikpandya IPL2025,Negative,0.23873689770698547,2025-04-17
1912943478234919324,"Cup Tudichi pettandi vastunnam ğŸ’™ğŸ†ğŸ”¥
#MumbaiIndians #IPL2025 https://t.co/8OxYtLCPKz",2025-04-17 18:57:20+00:00,et,0,0,0,Cup Tudichi pettandi vastunnam MumbaiIndians IPL2025,Positive,0.2687201499938965,2025-04-17
1912943444374487094,"MIvsSRH à¤®à¥à¤•à¤¾à¤¬à¤²à¥‡ à¤®à¥‡à¤‚ à¤à¤• à¤®à¤œà¤¼à¥‡à¤¦à¤¾à¤° à¤˜à¤Ÿà¤¨à¤¾ à¤¹à¥à¤ˆ, à¤œà¤¹à¤¾à¤‚ à¤¬à¥à¤°à¥‡à¤• à¤•à¥‡ à¤¦à¥Œà¤°à¤¾à¤¨ MI à¤•à¥‡ à¤¸à¥‚à¤°à¥à¤¯à¤•à¥à¤®à¤¾à¤° à¤¯à¤¾à¤¦à¤µ SRH à¤•à¥‡ à¤…à¤­à¤¿à¤·à¥‡à¤• à¤¶à¤°à¥à¤®à¤¾ à¤•à¥€ à¤œà¥‡à¤¬ à¤šà¥‡à¤• à¤•à¤°à¤¤à¥‡ à¤¹à¥à¤ à¤¨à¤œà¤° à¤†à¤, à¤¯à¥‡ à¤œà¤¾à¤¨à¤¨à¥‡ à¤•à¥‡ à¤²à¤¿à¤ à¤•à¥à¤¯à¤¾ à¤µà¤¹ à¤‡à¤¸ à¤®à¥ˆà¤š à¤®à¥‡à¤‚ à¤­à¥€ à¤ªà¤¿à¤›à¤²à¥€ à¤¬à¤¾à¤° à¤•à¥€ à¤¤à¤°à¤¹ à¤•à¥‹à¤ˆ à¤ªà¤°à¥à¤šà¥€ à¤²à¥‡à¤•à¤° à¤¤à¥‹ à¤¨à¤¹à¥€à¤‚ à¤†à¤à¥¤  #IPL2025 #SuryakumarYadav #AbhishekSharma https://t.co/CWwJoEKOaO",2025-04-17 18:57:12+00:00,hi,0,1,1,MIvsSRH à¤®à¤•à¤¬à¤² à¤® à¤à¤• à¤®à¤œà¤¦à¤° à¤˜à¤Ÿà¤¨ à¤¹à¤ˆ à¤œà¤¹ à¤¬à¤°à¤• à¤• à¤¦à¤°à¤¨ MI à¤• à¤¸à¤°à¤¯à¤•à¤®à¤° à¤¯à¤¦à¤µ SRH à¤• à¤…à¤­à¤·à¤• à¤¶à¤°à¤® à¤• à¤œà¤¬ à¤šà¤• à¤•à¤°à¤¤ à¤¹à¤ à¤¨à¤œà¤° à¤†à¤ à¤¯ à¤œà¤¨à¤¨ à¤• à¤²à¤ à¤•à¤¯ à¤µà¤¹ à¤‡à¤¸ à¤®à¤š à¤® à¤­ à¤ªà¤›à¤² à¤¬à¤° à¤• à¤¤à¤°à¤¹ à¤•à¤ˆ à¤ªà¤°à¤š à¤²à¤•à¤° à¤¤ à¤¨à¤¹ à¤†à¤ IPL2025 SuryakumarYadav AbhishekSharma,Negative,0.2666241526603699,2025-04-17
1912943426850750920,"Purple Cap Leader after MI Vs SRH Match

Noor Ahmad Chennai Super Kings 7 Innings 12 Wicket

Kuldeep Yadav Delhi Capitals 6 Innings 11 Wicket

Khaleel Ahmed Chennai Super Kings 7 Innings 11 Wicket

#ipl2025 #ipl #cricket #SandeshNews https://t.co/FXKLauO3db",2025-04-17 18:57:08+00:00,en,0,0,1,Purple Cap Leader after MI Vs SRH Match Noor Ahmad Chennai Super Kings 7 Innings 12 Wicket Kuldeep Yadav Delhi Capitals 6 Innings 11 Wicket Khaleel Ahmed Chennai Super Kings 7 Innings 11 Wicket ipl2025 ipl cricket SandeshNews,Positive,0.3313594162464142,2025-04-17
1912943406034407890,"RT @IPL: Match 33. WICKET!  14.3: Will Jacks 36(26) ct Zeeshan Ansari b Pat Cummins, Mumbai Indians 128/4 https://t.co/8baZ67Y5A2 #MIvSRH #â€¦",2025-04-17 18:57:03+00:00,en,5,0,0,RT Match 33 WICKET 143 Will Jacks 3626 ct Zeeshan Ansari b Pat Cummins Mumbai Indians 1284 MIvSRH,Negative,0.24349485337734222,2025-04-17
1912943393069736276,"RT @RCBTweets: Long way to go but take a moment to appreciate this ğ—²ğ˜…ğ—°ğ—²ğ—¹ğ—¹ğ—²ğ—»ğ˜ ğ—²ğ—°ğ—¼ğ—»ğ—¼ğ—ºğ˜†!ğŸ”ğŸ‘Œ

#PlayBold #à²¨à²®à³à²®RCB #IPL2025 https://t.co/d97hpuXAlO",2025-04-17 18:57:00+00:00,en,351,0,0,RT Long way to go but take a moment to appreciate this ğ—²ğ˜…ğ—°ğ—²ğ—¹ğ—¹ğ—²ğ—»ğ˜ ğ—²ğ—°ğ—¼ğ—»ğ—¼ğ—ºğ˜† PlayBold à²¨à²®à²®RCB IPL2025,Positive,0.3886733949184418,2025-04-17
1912943365051883841,RT @cricbuzz: Rohit Sharma falls... but not before joining an elite list of six-hitters ğŸ˜ğŸ˜ #IPL2025 #MIvSRH https://t.co/tGuc3Hps8p,2025-04-17 18:56:53+00:00,en,70,0,0,RT Rohit Sharma falls but not before joining an elite list of sixhitters IPL2025 MIvSRH,Neutral,0.29913443326950073,2025-04-17
1912943336966455364,"RT @IPL: Match 33. 14.5: Pat Cummins to Hardik Pandya 4 runs, Mumbai Indians 132/4 https://t.co/8baZ67Y5A2 #MIvSRH #TATAIPL #IPL2025",2025-04-17 18:56:46+00:00,in,6,0,0,RT Match 33 145 Pat Cummins to Hardik Pandya 4 runs Mumbai Indians 1324 MIvSRH TATAIPL IPL2025,Negative,0.2919785678386688,2025-04-17
1912943280817377467,"RT @ESPNcricinfo: Jacks of all trades ğŸ’ª

Follow live ğŸ‘‰ https://t.co/9bZq8xsfkn #MIvSRH | #IPL2025 https://t.co/lGHhAR4p8N",2025-04-17 18:56:33+00:00,en,8,0,0,RT Jacks of all trades Follow live MIvSRH IPL2025,Positive,0.7044981718063354,2025-04-17
1912943267890823240,"2019 lo ban T20 series lo pant gaadu ilaney stumps ki mundhe ball ni pick chesukoni stumping chestadu daniki noball icchadu same ilaney......ee nakodukulu cricket ni ee madya chudadam start chesi enni kathalu thengutunnaro rules anni telisinattu ğŸ™ğŸ™
#IPL2025",2025-04-17 18:56:30+00:00,et,0,0,2,2019 lo ban T20 series lo pant gaadu ilaney stumps ki mundhe ball ni pick chesukoni stumping chestadu daniki noball icchadu same ilaneyee nakodukulu cricket ni ee madya chudadam start chesi enni kathalu thengutunnaro rules anni telisinattu IPL2025,Negative,0.47606444358825684,2025-04-17
1912943249079386314,RCB aims to break their home jinx in IPL 2025 against the in-form PBKS! A thrilling clash awaits as Bengaluru seeks their first home win. #IPL2025 #RCBvsPBKS https://t.co/oFOzzKt97w,2025-04-17 18:56:26+00:00,en,0,0,0,RCB aims to break their home jinx in IPL 2025 against the inform PBKS A thrilling clash awaits as Bengaluru seeks their first home win IPL2025 RCBvsPBKS,Positive,0.394622802734375,2025-04-17
1912943234797773180,"RT @Sportskeeda: ğŸš¨ ğ‘©ğ‘¹ğ‘¬ğ‘¨ğ‘²ğ‘°ğ‘µğ‘® ğŸš¨

Sri Lankan all-rounder Dasun Shanaka has replaced the injured Glenn Phillips in the Gujarat Titans squad forâ€¦",2025-04-17 18:56:22+00:00,en,2,0,0,RT ğ‘©ğ‘¹ğ‘¬ğ‘¨ğ‘²ğ‘°ğ‘µğ‘® Sri Lankan allrounder Dasun Shanaka has replaced the injured Glenn Phillips in the Gujarat Titans squad for,Positive,0.39404794573783875,2025-04-17
1912943232444735629,"Waitâ€¦ WHAT?!
Sanju Samson in CSK yellow?
Is this a dream, a leak, or just fan art genius?

Chennai fans, would you welcome the Kerala King to WhistlePodu land?

Let the debates begin!

#SanjuSamson #CSK #IPL2025 #WhistlePodu #XCRICBOX #YellowArmy #CaptainCoolVibes #CSKSamson https://t.co/5iQ6KF7IOu",2025-04-17 18:56:22+00:00,en,0,0,0,Wait WHAT Sanju Samson in CSK yellow Is this a dream a leak or just fan art genius Chennai fans would you welcome the Kerala King to WhistlePodu land Let the debates begin SanjuSamson CSK IPL2025 WhistlePodu XCRICBOX YellowArmy CaptainCoolVibes CSKSamson,Negative,0.7021738886833191,2025-04-17
1912943213931057227,"RT @IPL: Match 33. 14.6: Pat Cummins to Hardik Pandya 4 runs, Mumbai Indians 137/4 https://t.co/8baZ67Y5A2 #MIvSRH #TATAIPL #IPL2025",2025-04-17 18:56:17+00:00,in,5,0,0,RT Match 33 146 Pat Cummins to Hardik Pandya 4 runs Mumbai Indians 1374 MIvSRH TATAIPL IPL2025,Negative,0.2811661958694458,2025-04-17
1912943164358607100,"SRH is not SRHingâ€¦

#RohitSharmağ“ƒµ #IPL2025 #SRHvMI",2025-04-17 18:56:05+00:00,en,0,0,0,SRH is not SRHing RohitSharmağ“ƒµ IPL2025 SRHvMI,Negative,0.5225105285644531,2025-04-17
1912943155630010569,"à®®à¯à®®à¯à®ªà¯ˆ à®†à®Ÿà¯à®•à®³à®®à¯  à®à®™à¯à®•à®³à¯à®•à¯à®•à¯ à®ªà¯‡à®Ÿà¯à®Ÿà®¿à®™à¯ à®šà¯†à®¯à¯à®¯ à®•à®Ÿà®¿à®©à®®à®¾à®• à®‡à®°à¯à®¨à¯à®¤à®¤à®¾à®• à®šà®©à¯à®°à¯ˆà®šà®°à¯à®¸à¯ à®•à¯‡à®ªà¯à®Ÿà®©à¯ à®ªà®¾à®Ÿà¯ à®•à®®à¯à®®à®¿à®©à¯à®¸à¯ à®ªà¯à®•à®¾à®°à¯  

More Details: https://t.co/srTImRLzcV

#IPL2025 #IPLwithMykhel #PatCummins #WankhedeStadium #SRHvsMI #IPLTeamFocus #MKTamil https://t.co/SBYvORaLUZ",2025-04-17 18:56:03+00:00,ta,0,0,0,à®®à®®à®ª à®†à®Ÿà®•à®³à®® à®à®™à®•à®³à®•à®• à®ªà®Ÿà®Ÿà®™ à®šà®¯à®¯ à®•à®Ÿà®©à®®à®• à®‡à®°à®¨à®¤à®¤à®• à®šà®©à®°à®šà®°à®¸ à®•à®ªà®Ÿà®© à®ªà®Ÿ à®•à®®à®®à®©à®¸ à®ªà®•à®° More Details IPL2025 IPLwithMykhel PatCummins WankhedeStadium SRHvsMI IPLTeamFocus MKTamil,Neutral,0.24747492372989655,2025-04-17
1912943136739152104,RT @ThePapareSports: Sri Lankan all-rounder @dasunshanaka1 is set to join Gujarat Titans for the remainder of Indian Premier League 2025.â€¦,2025-04-17 18:55:59+00:00,en,9,0,0,RT Sri Lankan allrounder is set to join Gujarat Titans for the remainder of Indian Premier League 2025,Positive,0.2554677426815033,2025-04-17
1912943120662335971,"Orange Cap Leader after MI Vs SRH Match

Nicholas Pooran Lucknow Super Giants 7 Innings 357 Runs

Sai Sudharsan Gujarat Titans 6 Innings 329 Runs

Mitchell Marsh Lucknow Super Giants 6 Innings 295 Runs

#ipl2025 #ipl #cricket #SandeshNews https://t.co/tA8pBUJVsY",2025-04-17 18:55:55+00:00,en,0,0,1,Orange Cap Leader after MI Vs SRH Match Nicholas Pooran Lucknow Super Giants 7 Innings 357 Runs Sai Sudharsan Gujarat Titans 6 Innings 329 Runs Mitchell Marsh Lucknow Super Giants 6 Innings 295 Runs ipl2025 ipl cricket SandeshNews,Positive,0.3611126244068146,2025-04-17
1912943075665629615,"ğŸš¨ Indian Premier League 2025, MI vs SRH ğŸš¨

SUPER SIXES OF THE MATCH
Rohit Sharma

#MIvSRH #MIvsSRH #SRHvsMI #SRHvMI #IPL2025 #TATAIPL2025 #TATAIPL #Mumbai #OneFamily #MumbaiIndians #PlayWithFire #OrangeArmy #sunrisershyderabad #RohitSharmağ“ƒµ #RohitSharma https://t.co/vVpnPUaE1u",2025-04-17 18:55:44+00:00,en,0,0,0,Indian Premier League 2025 MI vs SRH SUPER SIXES OF THE MATCH Rohit Sharma MIvSRH MIvsSRH SRHvsMI SRHvMI IPL2025 TATAIPL2025 TATAIPL Mumbai OneFamily MumbaiIndians PlayWithFire OrangeArmy sunrisershyderabad RohitSharmağ“ƒµ RohitSharma,Positive,0.5298200845718384,2025-04-17
1912943033915678839,"Dale Steyn is surprised that SRH haven't used Nitish Kumar Reddy with the ball, as he is yet to bowl a single over this season ğŸ˜¬âŒğŸ‘€

#IPL2025 #DaleSteyn #NitishKumarReddy #Sportskeeda https://t.co/DdcTOzvD4P",2025-04-17 18:55:34+00:00,en,0,0,6,Dale Steyn is surprised that SRH havent used Nitish Kumar Reddy with the ball as he is yet to bowl a single over this season IPL2025 DaleSteyn NitishKumarReddy Sportskeeda,Neutral,0.24124695360660553,2025-04-17
1912943024549797998,"RT @ItzThanesh: Best Strike Rate for CSK in 2025

MS Dhoni : 158.53

#WhistlePodu #IPL #CSK #IPL2025 https://t.co/cCEyOUkYGq",2025-04-17 18:55:32+00:00,en,273,0,0,RT Best Strike Rate for CSK in 2025 MS Dhoni 15853 WhistlePodu IPL CSK IPL2025,Positive,0.7976253032684326,2025-04-17
1912943005486448808,"RT @rahul_narwar: à¤•à¥ˆà¤®à¤°à¤¾à¤®à¥ˆà¤¨ IPL à¤®à¥ˆà¤š à¤®à¥‡à¤‚ à¤¸à¤¿à¤°à¥à¤« à¤²à¤¡à¤¼à¤•à¤¿à¤¯à¥‹à¤‚ à¤•à¥‹ à¤•à¥à¤¯à¥‹à¤‚ à¤¦à¤¿à¤–à¤¾à¤¤à¤¾ à¤¹à¥ˆ à¤²à¤¡à¤¼à¤•à¥‹à¤‚ à¤•à¥‹ à¤•à¥à¤¯à¥‹à¤‚ à¤¨à¤¹à¥€à¤‚ à¤œà¤¾à¤¨à¤¨à¥‡ à¤•à¥‡ à¤²à¤¿à¤ à¤µà¥€à¤¡à¤¿à¤¯à¥‹ à¤¦à¥‡à¤–à¥‡ ğŸ¤£ğŸ¤£

#IPL2025 #IPL #Pâ€¦",2025-04-17 18:55:27+00:00,hi,143,0,0,RT à¤•à¤®à¤°à¤®à¤¨ IPL à¤®à¤š à¤® à¤¸à¤°à¤« à¤²à¤¡à¤•à¤¯ à¤• à¤•à¤¯ à¤¦à¤–à¤¤ à¤¹ à¤²à¤¡à¤• à¤• à¤•à¤¯ à¤¨à¤¹ à¤œà¤¨à¤¨ à¤• à¤²à¤ à¤µà¤¡à¤¯ à¤¦à¤– IPL2025 IPL P,Negative,0.2579604685306549,2025-04-17
1912942990831866213,"RT @BhakharLosal: Happy Birthday KL Rahul ğŸ‚

You are the most versatile cricketer of this generation ğŸŒ

#MIvSRH #MIvsSRH #SRHvMI #SRHvsMI #â€¦",2025-04-17 18:55:24+00:00,en,1,0,0,RT Happy Birthday KL Rahul You are the most versatile cricketer of this generation MIvSRH MIvsSRH SRHvMI SRHvsMI,Positive,0.8074826002120972,2025-04-17
1912942977292603838,"RT @TrendVirat: His bat doesnâ€™t just swing
It roars ğŸ¦ 
Kohli - The six machine ğŸ’¥ 

#IPL2025 #ViratKohliğ“ƒµ https://t.co/4z13frCiPd",2025-04-17 18:55:21+00:00,en,63,0,0,RT His bat doesnt just swing It roars Kohli The six machine IPL2025 ViratKohliğ“ƒµ,Negative,0.6526337265968323,2025-04-17
1912942969185063351,"Skipper Hardik Pandya reacts as Mumbai Indians secured a thrilling win over Sunrisers Hyderabad ğŸ’™ğŸ

#HardikPandya #MIvsSRH #IPL2025 #Insidesport #CricketTwitter https://t.co/aMQImwcXf0",2025-04-17 18:55:19+00:00,en,0,0,0,Skipper Hardik Pandya reacts as Mumbai Indians secured a thrilling win over Sunrisers Hyderabad HardikPandya MIvsSRH IPL2025 Insidesport CricketTwitter,Positive,0.4464196264743805,2025-04-17
1912942964437029155,"RT @TrendVirat: His bat doesnâ€™t just swing
It roars ğŸ¦ 
Kohli - The six machine ğŸ’¥ 

#IPL2025 #ViratKohliğ“ƒµ https://t.co/4z13frCiPd",2025-04-17 18:55:18+00:00,en,63,0,0,RT His bat doesnt just swing It roars Kohli The six machine IPL2025 ViratKohliğ“ƒµ,Negative,0.6526337265968323,2025-04-17
1912942935429271803,"Ishan Kishan's Form Dip Alert
After a fiery 106* to start IPL 2025, Kishan's last 5 innings:
0, 2, 2, 17, 9

Just 30 runs in 5 matchesâ€”worry signs for SRH after a â‚¹11.25 Cr buy!
Time to bounce back, Ishan?

#IshanKishan #SRH #IPL2025 #XCRICBOX #CricketStats #FormSlump https://t.co/MdccNeE1IN",2025-04-17 18:55:11+00:00,en,0,0,1,Ishan Kishans Form Dip Alert After a fiery 106 to start IPL 2025 Kishans last 5 innings 0 2 2 17 9 Just 30 runs in 5 matchesworry signs for SRH after a 1125 Cr buy Time to bounce back Ishan IshanKishan SRH IPL2025 XCRICBOX CricketStats FormSlump,Negative,0.6116697788238525,2025-04-17
1912942925618749858,RT @WasimJaffer14: They're a good team but it just hasn't clicked for them this year. #MIvSRH #IPL2025 https://t.co/oKzuQdZ6jP,2025-04-17 18:55:08+00:00,en,85,0,0,RT Theyre a good team but it just hasnt clicked for them this year MIvSRH IPL2025,Neutral,0.449134886264801,2025-04-17
1912942873458208968,"RT @Sportskeeda: Indian Premier League brand value hits â‚¹1 lakh crore! ğŸ’°ğŸ”¥

The biggest T20 league in world cricket â€” well said! ğŸ‡®ğŸ‡³ğŸ¤

#IPL20â€¦",2025-04-17 18:54:56+00:00,en,6,0,0,RT Indian Premier League brand value hits 1 lakh crore The biggest T20 league in world cricket well said IPL20,Positive,0.3840925991535187,2025-04-17
1912942860166664399,"Mumbai Indians won by 4 wickets against Sunrisers 

#MIvSRH #MumbaiIndians #SRHvsMItickets #IPL2025 #iplisipling #IPLonJioStar #rohitsharma #hardikpandya #suryakumaryadav https://t.co/SiWLs44TAB",2025-04-17 18:54:53+00:00,en,0,0,1,Mumbai Indians won by 4 wickets against Sunrisers MIvSRH MumbaiIndians SRHvsMItickets IPL2025 iplisipling IPLonJioStar rohitsharma hardikpandya suryakumaryadav,Negative,0.3520234525203705,2025-04-17
1912942854906982644,RT @IPL: Match 33. Mumbai Indians Won by 4 Wicket(s)  https://t.co/8baZ67XxKu #MIvSRH #TATAIPL #IPL2025,2025-04-17 18:54:52+00:00,en,8,0,0,RT Match 33 Mumbai Indians Won by 4 Wickets MIvSRH TATAIPL IPL2025,Positive,0.21649529039859772,2025-04-17
1912942820392046778,"à¤®à¥à¤‚à¤¬à¤ˆà¤¨à¥‡ à¤…à¤–à¥‡à¤°à¤šà¥à¤¯à¤¾ à¤•à¥à¤·à¤£à¥€ à¤•à¥‡à¤²à¥‡à¤²à¥€ à¤¤à¥€ à¤šà¥‚à¤• à¤­à¥‹à¤µà¤²à¥€; à¤œà¤¿à¤‚à¤•à¥‚à¤¨à¤¹à¥€ à¤•à¤¾à¤¹à¥€à¤š à¤«à¤¾à¤¯à¤¦à¤¾ à¤¨à¤¾à¤¹à¥€! à¤…à¤¸à¤‚ à¤•à¤¾à¤¯ à¤à¤¾à¤²à¤‚?

https://t.co/VfJt9T0qXn

#IPL2025 #MI #SRH #MumbaiIndians #HardikPandya #RohitSharma",2025-04-17 18:54:43+00:00,mr,0,0,0,à¤®à¤¬à¤ˆà¤¨ à¤…à¤–à¤°à¤šà¤¯ à¤•à¤·à¤£ à¤•à¤²à¤² à¤¤ à¤šà¤• à¤­à¤µà¤² à¤œà¤•à¤¨à¤¹ à¤•à¤¹à¤š à¤«à¤¯à¤¦ à¤¨à¤¹ à¤…à¤¸ à¤•à¤¯ à¤à¤² IPL2025 MI SRH MumbaiIndians HardikPandya RohitSharma,Negative,0.435779869556427,2025-04-17
